name,email,password
Ana Silva,ana.silva@loadtest.dev,Senha123
Bruno Costa,bruno.costa@loadtest.dev,Senha123
Carla Souza,carla.souza@loadtest.dev,Senha123
Daniel Lima,daniel.lima@loadtest.dev,Senha123
Elisa Martins,elisa.martins@loadtest.dev,Senha123
Felipe Santos,felipe.santos@loadtest.dev,Senha123
Gabriela Alves,gabriela.alves@loadtest.dev,Senha123
Henrique Rocha,henrique.rocha@loadtest.dev,Senha123
Isabela Ferreira,isabela.ferreira@loadtest.dev,Senha123
Joao Oliveira,joao.oliveira@loadtest.dev,Senha123
Kamila Pereira,kamila.pereira@loadtest.dev,Senha123
Leonardo Araujo,leonardo.araujo@loadtest.dev,Senha123
Mariana Ribeiro,mariana.ribeiro@loadtest.dev,Senha123
Nathan Cardoso,nathan.cardoso@loadtest.dev,Senha123
Olivia Nascimento,olivia.nascimento@loadtest.dev,Senha123
Paulo Barbosa,paulo.barbosa@loadtest.dev,Senha123
Rafaela Gomes,rafaela.gomes@loadtest.dev,Senha123
Rodrigo Dias,rodrigo.dias@loadtest.dev,Senha123
Sofia Monteiro,sofia.monteiro@loadtest.dev,Senha123
Thiago Freitas,thiago.freitas@loadtest.dev,Senha123
Ursula Cavalcanti,ursula.cavalcanti@loadtest.dev,Senha123
Vitor Mendes,vitor.mendes@loadtest.dev,Senha123
Wesley Castro,wesley.castro@loadtest.dev,Senha123
Xuxa Carvalho,xuxa.carvalho@loadtest.dev,Senha123
Yasmin Moreira,yasmin.moreira@loadtest.dev,Senha123
Zeca Duarte,zeca.duarte@loadtest.dev,Senha123
Amanda Teixeira,amanda.teixeira@loadtest.dev,Senha123
Bernardo Pinto,bernardo.pinto@loadtest.dev,Senha123
Camila Rezende,camila.rezende@loadtest.dev,Senha123
Diego Melo,diego.melo@loadtest.dev,Senha123
Eduarda Correia,eduarda.correia@loadtest.dev,Senha123
Fabio Nunes,fabio.nunes@loadtest.dev,Senha123
Giovana Campos,giovana.campos@loadtest.dev,Senha123
Hugo Medeiros,hugo.medeiros@loadtest.dev,Senha123
Ingrid Soares,ingrid.soares@loadtest.dev,Senha123
Jorge Batista,jorge.batista@loadtest.dev,Senha123
Karina Azevedo,karina.azevedo@loadtest.dev,Senha123
Lucas Vieira,lucas.vieira@loadtest.dev,Senha123
Michele Cunha,michele.cunha@loadtest.dev,Senha123
Nicolas Rodrigues,nicolas.rodrigues@loadtest.dev,Senha123
Otavio Lopes,otavio.lopes@loadtest.dev,Senha123
Patricia Moura,patricia.moura@loadtest.dev,Senha123
Roberto Fernandes,roberto.fernandes@loadtest.dev,Senha123
Sabrina Borges,sabrina.borges@loadtest.dev,Senha123
Tiago Ramos,tiago.ramos@loadtest.dev,Senha123
Vanessa Caldeira,vanessa.caldeira@loadtest.dev,Senha123
Wagner Farias,wagner.farias@loadtest.dev,Senha123
Yara Silva,yara.silva@loadtest.dev,Senha123
Adriana Costa,adriana.costa@loadtest.dev,Senha123
Claudio Souza,claudio.souza@loadtest.dev,Senha123
Denise Lima,denise.lima@loadtest.dev,Senha123
Eduardo Martins,eduardo.martins@loadtest.dev,Senha123
Fernanda Santos,fernanda.santos@loadtest.dev,Senha123
Guilherme Alves,guilherme.alves@loadtest.dev,Senha123
Helena Rocha,helena.rocha@loadtest.dev,Senha123
Igor Ferreira,igor.ferreira@loadtest.dev,Senha123
Julia Oliveira,julia.oliveira@loadtest.dev,Senha123
Kevin Pereira,kevin.pereira@loadtest.dev,Senha123
Larissa Araujo,larissa.araujo@loadtest.dev,Senha123
Marcelo Ribeiro,marcelo.ribeiro@loadtest.dev,Senha123
Natalia Cardoso,natalia.cardoso@loadtest.dev,Senha123
Oscar Nascimento,oscar.nascimento@loadtest.dev,Senha123
Priscila Barbosa,priscila.barbosa@loadtest.dev,Senha123
Rafael Gomes,rafael.gomes@loadtest.dev,Senha123
Sandra Dias,sandra.dias@loadtest.dev,Senha123
Tatiana Monteiro,tatiana.monteiro@loadtest.dev,Senha123
Ulysses Freitas,ulysses.freitas@loadtest.dev,Senha123
Viviane Cavalcanti,viviane.cavalcanti@loadtest.dev,Senha123
William Mendes,william.mendes@loadtest.dev,Senha123
Ximena Castro,ximena.castro@loadtest.dev,Senha123
Yuri Carvalho,yuri.carvalho@loadtest.dev,Senha123
Zenilda Moreira,zenilda.moreira@loadtest.dev,Senha123
Alberto Duarte,alberto.duarte@loadtest.dev,Senha123
Beatriz Teixeira,beatriz.teixeira@loadtest.dev,Senha123
Cesar Pinto,cesar.pinto@loadtest.dev,Senha123
Debora Rezende,debora.rezende@loadtest.dev,Senha123
Emerson Melo,emerson.melo@loadtest.dev,Senha123
Flavia Correia,flavia.correia@loadtest.dev,Senha123
Gustavo Nunes,gustavo.nunes@loadtest.dev,Senha123
Heloisa Campos,heloisa.campos@loadtest.dev,Senha123
Ivan Medeiros,ivan.medeiros@loadtest.dev,Senha123
Janaina Soares,janaina.soares@loadtest.dev,Senha123
Klaus Batista,klaus.batista@loadtest.dev,Senha123
Leticia Azevedo,leticia.azevedo@loadtest.dev,Senha123
Murilo Vieira,murilo.vieira@loadtest.dev,Senha123
Norma Cunha,norma.cunha@loadtest.dev,Senha123
Orlando Rodrigues,orlando.rodrigues@loadtest.dev,Senha123
Pamela Lopes,pamela.lopes@loadtest.dev,Senha123
Quirino Moura,quirino.moura@loadtest.dev,Senha123
Renata Fernandes,renata.fernandes@loadtest.dev,Senha123
Samuel Borges,samuel.borges@loadtest.dev,Senha123
Talita Ramos,talita.ramos@loadtest.dev,Senha123
Ulisses Caldeira,ulisses.caldeira@loadtest.dev,Senha123
Valeria Farias,valeria.farias@loadtest.dev,Senha123
Xavier Santos,xavier.santos@loadtest.dev,Senha123
Yvone Costa,yvone.costa@loadtest.dev,Senha123
Zuleica Souza,zuleica.souza@loadtest.dev,Senha123